[{"pk": 14, "model": "contenttypes.contenttype", "fields": {"model": "calendar", "name": "calendar", "app_label": "events"}}, {"pk": 6, "model": "contenttypes.contenttype", "fields": {"model": "contenttype", "name": "content type", "app_label": "contenttypes"}}, {"pk": 11, "model": "contenttypes.contenttype", "fields": {"model": "event", "name": "event", "app_label": "events"}}, {"pk": 12, "model": "contenttypes.contenttype", "fields": {"model": "eventinstance", "name": "event instance", "app_label": "events"}}, {"pk": 3, "model": "contenttypes.contenttype", "fields": {"model": "group", "name": "group", "app_label": "auth"}}, {"pk": 13, "model": "contenttypes.contenttype", "fields": {"model": "location", "name": "location", "app_label": "events"}}, {"pk": 1, "model": "contenttypes.contenttype", "fields": {"model": "logentry", "name": "log entry", "app_label": "admin"}}, {"pk": 5, "model": "contenttypes.contenttype", "fields": {"model": "message", "name": "message", "app_label": "auth"}}, {"pk": 2, "model": "contenttypes.contenttype", "fields": {"model": "permission", "name": "permission", "app_label": "auth"}}, {"pk": 9, "model": "contenttypes.contenttype", "fields": {"model": "profile", "name": "profile", "app_label": "events"}}, {"pk": 7, "model": "contenttypes.contenttype", "fields": {"model": "session", "name": "session", "app_label": "sessions"}}, {"pk": 8, "model": "contenttypes.contenttype", "fields": {"model": "site", "name": "site", "app_label": "sites"}}, {"pk": 4, "model": "contenttypes.contenttype", "fields": {"model": "user", "name": "user", "app_label": "auth"}}, {"pk": 10, "model": "contenttypes.contenttype", "fields": {"model": "user", "name": "user", "app_label": "events"}}, {"pk": 1, "model": "sites.site", "fields": {"domain": "example.com", "name": "example.com"}}, {"pk": 1, "model": "events.event", "fields": {"description": "Run with the ball. Kick it.", "title": "Football: USF at UCF", "created": "2010-12-04 22:55:39", "modified": "2010-12-04 22:59:23", "state": 1, "calendar": 1}}, {"pk": 2, "model": "events.event", "fields": {"description": "Throw the ball.  Hit it.", "title": "Baseball: UCF at FSU", "created": "2010-12-04 22:56:04", "modified": "2010-12-04 23:01:16", "state": 1, "calendar": 1}}, {"pk": 3, "model": "events.event", "fields": {"description": "Hit the ball. Serve it.", "title": "Tennis: UCF at FSU", "created": "2010-12-04 22:58:50", "modified": "2010-12-04 22:58:50", "state": 0, "calendar": 1}}, {"pk": 4, "model": "events.event", "fields": {"description": "0101001101101000011011110111010101101100011001000010000001110111011001010010000001101011011010010110110001101100001000000111010001101000011001010110110100111111", "title": "Robot Meeting: Humans, necessary?", "created": "2010-12-04 23:16:01", "modified": "2010-12-04 23:16:01", "state": 1, "calendar": 2}}, {"pk": 5, "model": "events.event", "fields": {"description": "We are harmless robots!", "title": "Robot-Human Meeting: Human pandering party!", "created": "2010-12-04 23:21:53", "modified": "2010-12-04 23:21:53", "state": 1, "calendar": 2}}, {"pk": 1, "model": "events.eventinstance", "fields": {"end": "2011-01-03 01:30:00", "parent": null, "created": "2010-12-04 23:05:29", "interval": null, "modified": "2010-12-05 12:48:12", "start": "2011-01-03 10:30:00", "limit": null, "location": 1, "event": 1}}, {"pk": 2, "model": "events.eventinstance", "fields": {"end": "2011-01-03 15:30:00", "parent": null, "created": "2010-12-04 23:07:48", "interval": 0, "modified": "2010-12-05 12:53:57", "start": "2011-01-03 12:30:00", "limit": 2, "location": 2, "event": 2}}, {"pk": 5, "model": "events.eventinstance", "fields": {"end": "2011-01-10 15:30:00", "parent": null, "created": "2010-12-04 23:09:09", "interval": 3, "modified": "2010-12-04 23:09:09", "start": "2011-01-10 12:30:00", "limit": 2, "location": null, "event": 3}}, {"pk": 6, "model": "events.eventinstance", "fields": {"end": "2011-02-10 15:30:00", "parent": 5, "created": "2010-12-04 23:09:09", "interval": null, "modified": "2010-12-04 23:09:09", "start": "2011-02-10 12:30:00", "limit": null, "location": null, "event": 3}}, {"pk": 7, "model": "events.eventinstance", "fields": {"end": "2011-03-10 15:30:00", "parent": 5, "created": "2010-12-04 23:09:09", "interval": null, "modified": "2010-12-04 23:09:09", "start": "2011-03-10 12:30:00", "limit": null, "location": null, "event": 3}}, {"pk": 8, "model": "events.eventinstance", "fields": {"end": "2011-01-01 00:00:01", "parent": null, "created": "2010-12-04 23:18:49", "interval": 1, "modified": "2010-12-04 23:18:49", "start": "2011-01-01 00:00:00", "limit": 208, "location": null, "event": 4}}, {"pk": 9, "model": "events.eventinstance", "fields": {"end": "2011-01-08 00:00:01", "parent": 8, "created": "2010-12-04 23:18:49", "interval": null, "modified": "2010-12-04 23:18:49", "start": "2011-01-08 00:00:00", "limit": null, "location": null, "event": 4}}, {"pk": 10, "model": "events.eventinstance", "fields": {"end": "2011-01-15 00:00:01", "parent": 8, "created": "2010-12-04 23:18:49", "interval": null, "modified": "2010-12-04 23:18:49", "start": "2011-01-15 00:00:00", "limit": null, "location": null, "event": 4}}, {"pk": 11, "model": "events.eventinstance", "fields": {"end": "2011-01-22 00:00:01", "parent": 8, "created": "2010-12-04 23:18:49", "interval": null, "modified": "2010-12-04 23:18:49", "start": "2011-01-22 00:00:00", "limit": null, "location": null, "event": 4}}, {"pk": 12, "model": "events.eventinstance", "fields": {"end": "2011-01-29 00:00:01", "parent": 8, "created": "2010-12-04 23:18:49", "interval": null, "modified": "2010-12-04 23:18:49", "start": "2011-01-29 00:00:00", "limit": null, "location": null, "event": 4}}, {"pk": 13, "model": "events.eventinstance", "fields": {"end": "2011-02-05 00:00:01", "parent": 8, "created": "2010-12-04 23:18:49", "interval": null, "modified": "2010-12-04 23:18:49", "start": "2011-02-05 00:00:00", "limit": null, "location": null, "event": 4}}, {"pk": 14, "model": "events.eventinstance", "fields": {"end": "2011-02-12 00:00:01", "parent": 8, "created": "2010-12-04 23:18:49", "interval": null, "modified": "2010-12-04 23:18:49", "start": "2011-02-12 00:00:00", "limit": null, "location": null, "event": 4}}, {"pk": 15, "model": "events.eventinstance", "fields": {"end": "2011-02-19 00:00:01", "parent": 8, "created": "2010-12-04 23:18:49", "interval": null, "modified": "2010-12-04 23:18:49", "start": "2011-02-19 00:00:00", "limit": null, "location": null, "event": 4}}, {"pk": 16, "model": "events.eventinstance", "fields": {"end": "2011-02-26 00:00:01", "parent": 8, "created": "2010-12-04 23:18:49", "interval": null, "modified": "2010-12-04 23:18:49", "start": "2011-02-26 00:00:00", "limit": null, "location": null, "event": 4}}, {"pk": 17, "model": "events.eventinstance", "fields": {"end": "2011-03-05 00:00:01", "parent": 8, "created": "2010-12-04 23:18:49", "interval": null, "modified": "2010-12-04 23:18:49", "start": "2011-03-05 00:00:00", "limit": null, "location": null, "event": 4}}, {"pk": 18, "model": "events.eventinstance", "fields": {"end": "2011-03-12 00:00:01", "parent": 8, "created": "2010-12-04 23:18:49", "interval": null, "modified": "2010-12-04 23:18:49", "start": "2011-03-12 00:00:00", "limit": null, "location": null, "event": 4}}, {"pk": 19, "model": "events.eventinstance", "fields": {"end": "2011-03-19 00:00:01", "parent": 8, "created": "2010-12-04 23:18:49", "interval": null, "modified": "2010-12-04 23:18:49", "start": "2011-03-19 00:00:00", "limit": null, "location": null, "event": 4}}, {"pk": 20, "model": "events.eventinstance", "fields": {"end": "2011-03-26 00:00:01", "parent": 8, "created": "2010-12-04 23:18:49", "interval": null, "modified": "2010-12-04 23:18:49", "start": "2011-03-26 00:00:00", "limit": null, "location": null, "event": 4}}, {"pk": 21, "model": "events.eventinstance", "fields": {"end": "2011-04-02 00:00:01", "parent": 8, "created": "2010-12-04 23:18:49", "interval": null, "modified": "2010-12-04 23:18:49", "start": "2011-04-02 00:00:00", "limit": null, "location": null, "event": 4}}, {"pk": 22, "model": "events.eventinstance", "fields": {"end": "2011-04-09 00:00:01", "parent": 8, "created": "2010-12-04 23:18:49", "interval": null, "modified": "2010-12-04 23:18:49", "start": "2011-04-09 00:00:00", "limit": null, "location": null, "event": 4}}, {"pk": 23, "model": "events.eventinstance", "fields": {"end": "2011-04-16 00:00:01", "parent": 8, "created": "2010-12-04 23:18:49", "interval": null, "modified": "2010-12-04 23:18:49", "start": "2011-04-16 00:00:00", "limit": null, "location": null, "event": 4}}, {"pk": 24, "model": "events.eventinstance", "fields": {"end": "2011-04-23 00:00:01", "parent": 8, "created": "2010-12-04 23:18:49", "interval": null, "modified": "2010-12-04 23:18:49", "start": "2011-04-23 00:00:00", "limit": null, "location": null, "event": 4}}, {"pk": 25, "model": "events.eventinstance", "fields": {"end": "2011-04-30 00:00:01", "parent": 8, "created": "2010-12-04 23:18:49", "interval": null, "modified": "2010-12-04 23:18:49", "start": "2011-04-30 00:00:00", "limit": null, "location": null, "event": 4}}, {"pk": 26, "model": "events.eventinstance", "fields": {"end": "2011-05-07 00:00:01", "parent": 8, "created": "2010-12-04 23:18:49", "interval": null, "modified": "2010-12-04 23:18:49", "start": "2011-05-07 00:00:00", "limit": null, "location": null, "event": 4}}, {"pk": 27, "model": "events.eventinstance", "fields": {"end": "2011-05-14 00:00:01", "parent": 8, "created": "2010-12-04 23:18:49", "interval": null, "modified": "2010-12-04 23:18:49", "start": "2011-05-14 00:00:00", "limit": null, "location": null, "event": 4}}, {"pk": 28, "model": "events.eventinstance", "fields": {"end": "2011-05-21 00:00:01", "parent": 8, "created": "2010-12-04 23:18:49", "interval": null, "modified": "2010-12-04 23:18:49", "start": "2011-05-21 00:00:00", "limit": null, "location": null, "event": 4}}, {"pk": 29, "model": "events.eventinstance", "fields": {"end": "2011-05-28 00:00:01", "parent": 8, "created": "2010-12-04 23:18:49", "interval": null, "modified": "2010-12-04 23:18:49", "start": "2011-05-28 00:00:00", "limit": null, "location": null, "event": 4}}, {"pk": 30, "model": "events.eventinstance", "fields": {"end": "2011-06-04 00:00:01", "parent": 8, "created": "2010-12-04 23:18:49", "interval": null, "modified": "2010-12-04 23:18:49", "start": "2011-06-04 00:00:00", "limit": null, "location": null, "event": 4}}, {"pk": 31, "model": "events.eventinstance", "fields": {"end": "2011-06-11 00:00:01", "parent": 8, "created": "2010-12-04 23:18:49", "interval": null, "modified": "2010-12-04 23:18:49", "start": "2011-06-11 00:00:00", "limit": null, "location": null, "event": 4}}, {"pk": 32, "model": "events.eventinstance", "fields": {"end": "2011-06-18 00:00:01", "parent": 8, "created": "2010-12-04 23:18:49", "interval": null, "modified": "2010-12-04 23:18:49", "start": "2011-06-18 00:00:00", "limit": null, "location": null, "event": 4}}, {"pk": 33, "model": "events.eventinstance", "fields": {"end": "2011-06-25 00:00:01", "parent": 8, "created": "2010-12-04 23:18:49", "interval": null, "modified": "2010-12-04 23:18:49", "start": "2011-06-25 00:00:00", "limit": null, "location": null, "event": 4}}, {"pk": 34, "model": "events.eventinstance", "fields": {"end": "2011-07-02 00:00:01", "parent": 8, "created": "2010-12-04 23:18:49", "interval": null, "modified": "2010-12-04 23:18:49", "start": "2011-07-02 00:00:00", "limit": null, "location": null, "event": 4}}, {"pk": 35, "model": "events.eventinstance", "fields": {"end": "2011-07-09 00:00:01", "parent": 8, "created": "2010-12-04 23:18:49", "interval": null, "modified": "2010-12-04 23:18:49", "start": "2011-07-09 00:00:00", "limit": null, "location": null, "event": 4}}, {"pk": 36, "model": "events.eventinstance", "fields": {"end": "2011-07-16 00:00:01", "parent": 8, "created": "2010-12-04 23:18:49", "interval": null, "modified": "2010-12-04 23:18:49", "start": "2011-07-16 00:00:00", "limit": null, "location": null, "event": 4}}, {"pk": 37, "model": "events.eventinstance", "fields": {"end": "2011-07-23 00:00:01", "parent": 8, "created": "2010-12-04 23:18:49", "interval": null, "modified": "2010-12-04 23:18:49", "start": "2011-07-23 00:00:00", "limit": null, "location": null, "event": 4}}, {"pk": 38, "model": "events.eventinstance", "fields": {"end": "2011-07-30 00:00:01", "parent": 8, "created": "2010-12-04 23:18:49", "interval": null, "modified": "2010-12-04 23:18:49", "start": "2011-07-30 00:00:00", "limit": null, "location": null, "event": 4}}, {"pk": 39, "model": "events.eventinstance", "fields": {"end": "2011-08-06 00:00:01", "parent": 8, "created": "2010-12-04 23:18:49", "interval": null, "modified": "2010-12-04 23:18:49", "start": "2011-08-06 00:00:00", "limit": null, "location": null, "event": 4}}, {"pk": 40, "model": "events.eventinstance", "fields": {"end": "2011-08-13 00:00:01", "parent": 8, "created": "2010-12-04 23:18:49", "interval": null, "modified": "2010-12-04 23:18:49", "start": "2011-08-13 00:00:00", "limit": null, "location": null, "event": 4}}, {"pk": 41, "model": "events.eventinstance", "fields": {"end": "2011-08-20 00:00:01", "parent": 8, "created": "2010-12-04 23:18:49", "interval": null, "modified": "2010-12-04 23:18:49", "start": "2011-08-20 00:00:00", "limit": null, "location": null, "event": 4}}, {"pk": 42, "model": "events.eventinstance", "fields": {"end": "2011-08-27 00:00:01", "parent": 8, "created": "2010-12-04 23:18:49", "interval": null, "modified": "2010-12-04 23:18:49", "start": "2011-08-27 00:00:00", "limit": null, "location": null, "event": 4}}, {"pk": 43, "model": "events.eventinstance", "fields": {"end": "2011-09-03 00:00:01", "parent": 8, "created": "2010-12-04 23:18:49", "interval": null, "modified": "2010-12-04 23:18:49", "start": "2011-09-03 00:00:00", "limit": null, "location": null, "event": 4}}, {"pk": 44, "model": "events.eventinstance", "fields": {"end": "2011-09-10 00:00:01", "parent": 8, "created": "2010-12-04 23:18:49", "interval": null, "modified": "2010-12-04 23:18:49", "start": "2011-09-10 00:00:00", "limit": null, "location": null, "event": 4}}, {"pk": 45, "model": "events.eventinstance", "fields": {"end": "2011-09-17 00:00:01", "parent": 8, "created": "2010-12-04 23:18:49", "interval": null, "modified": "2010-12-04 23:18:49", "start": "2011-09-17 00:00:00", "limit": null, "location": null, "event": 4}}, {"pk": 46, "model": "events.eventinstance", "fields": {"end": "2011-09-24 00:00:01", "parent": 8, "created": "2010-12-04 23:18:49", "interval": null, "modified": "2010-12-04 23:18:49", "start": "2011-09-24 00:00:00", "limit": null, "location": null, "event": 4}}, {"pk": 47, "model": "events.eventinstance", "fields": {"end": "2011-10-01 00:00:01", "parent": 8, "created": "2010-12-04 23:18:49", "interval": null, "modified": "2010-12-04 23:18:49", "start": "2011-10-01 00:00:00", "limit": null, "location": null, "event": 4}}, {"pk": 48, "model": "events.eventinstance", "fields": {"end": "2011-10-08 00:00:01", "parent": 8, "created": "2010-12-04 23:18:49", "interval": null, "modified": "2010-12-04 23:18:49", "start": "2011-10-08 00:00:00", "limit": null, "location": null, "event": 4}}, {"pk": 49, "model": "events.eventinstance", "fields": {"end": "2011-10-15 00:00:01", "parent": 8, "created": "2010-12-04 23:18:49", "interval": null, "modified": "2010-12-04 23:18:49", "start": "2011-10-15 00:00:00", "limit": null, "location": null, "event": 4}}, {"pk": 50, "model": "events.eventinstance", "fields": {"end": "2011-10-22 00:00:01", "parent": 8, "created": "2010-12-04 23:18:49", "interval": null, "modified": "2010-12-04 23:18:49", "start": "2011-10-22 00:00:00", "limit": null, "location": null, "event": 4}}, {"pk": 51, "model": "events.eventinstance", "fields": {"end": "2011-10-29 00:00:01", "parent": 8, "created": "2010-12-04 23:18:49", "interval": null, "modified": "2010-12-04 23:18:49", "start": "2011-10-29 00:00:00", "limit": null, "location": null, "event": 4}}, {"pk": 52, "model": "events.eventinstance", "fields": {"end": "2011-11-05 00:00:01", "parent": 8, "created": "2010-12-04 23:18:49", "interval": null, "modified": "2010-12-04 23:18:49", "start": "2011-11-05 00:00:00", "limit": null, "location": null, "event": 4}}, {"pk": 53, "model": "events.eventinstance", "fields": {"end": "2011-11-12 00:00:01", "parent": 8, "created": "2010-12-04 23:18:49", "interval": null, "modified": "2010-12-04 23:18:49", "start": "2011-11-12 00:00:00", "limit": null, "location": null, "event": 4}}, {"pk": 54, "model": "events.eventinstance", "fields": {"end": "2011-11-19 00:00:01", "parent": 8, "created": "2010-12-04 23:18:49", "interval": null, "modified": "2010-12-04 23:18:49", "start": "2011-11-19 00:00:00", "limit": null, "location": null, "event": 4}}, {"pk": 55, "model": "events.eventinstance", "fields": {"end": "2011-11-26 00:00:01", "parent": 8, "created": "2010-12-04 23:18:49", "interval": null, "modified": "2010-12-04 23:18:49", "start": "2011-11-26 00:00:00", "limit": null, "location": null, "event": 4}}, {"pk": 56, "model": "events.eventinstance", "fields": {"end": "2011-12-03 00:00:01", "parent": 8, "created": "2010-12-04 23:18:49", "interval": null, "modified": "2010-12-04 23:18:49", "start": "2011-12-03 00:00:00", "limit": null, "location": null, "event": 4}}, {"pk": 57, "model": "events.eventinstance", "fields": {"end": "2011-12-10 00:00:01", "parent": 8, "created": "2010-12-04 23:18:49", "interval": null, "modified": "2010-12-04 23:18:49", "start": "2011-12-10 00:00:00", "limit": null, "location": null, "event": 4}}, {"pk": 58, "model": "events.eventinstance", "fields": {"end": "2011-12-17 00:00:01", "parent": 8, "created": "2010-12-04 23:18:49", "interval": null, "modified": "2010-12-04 23:18:49", "start": "2011-12-17 00:00:00", "limit": null, "location": null, "event": 4}}, {"pk": 59, "model": "events.eventinstance", "fields": {"end": "2011-12-24 00:00:01", "parent": 8, "created": "2010-12-04 23:18:49", "interval": null, "modified": "2010-12-04 23:18:49", "start": "2011-12-24 00:00:00", "limit": null, "location": null, "event": 4}}, {"pk": 60, "model": "events.eventinstance", "fields": {"end": "2011-12-31 00:00:01", "parent": 8, "created": "2010-12-04 23:18:49", "interval": null, "modified": "2010-12-04 23:18:49", "start": "2011-12-31 00:00:00", "limit": null, "location": null, "event": 4}}, {"pk": 61, "model": "events.eventinstance", "fields": {"end": "2012-01-07 00:00:01", "parent": 8, "created": "2010-12-04 23:18:49", "interval": null, "modified": "2010-12-04 23:18:49", "start": "2012-01-07 00:00:00", "limit": null, "location": null, "event": 4}}, {"pk": 62, "model": "events.eventinstance", "fields": {"end": "2012-01-14 00:00:01", "parent": 8, "created": "2010-12-04 23:18:49", "interval": null, "modified": "2010-12-04 23:18:49", "start": "2012-01-14 00:00:00", "limit": null, "location": null, "event": 4}}, {"pk": 63, "model": "events.eventinstance", "fields": {"end": "2012-01-21 00:00:01", "parent": 8, "created": "2010-12-04 23:18:49", "interval": null, "modified": "2010-12-04 23:18:49", "start": "2012-01-21 00:00:00", "limit": null, "location": null, "event": 4}}, {"pk": 64, "model": "events.eventinstance", "fields": {"end": "2012-01-28 00:00:01", "parent": 8, "created": "2010-12-04 23:18:49", "interval": null, "modified": "2010-12-04 23:18:49", "start": "2012-01-28 00:00:00", "limit": null, "location": null, "event": 4}}, {"pk": 65, "model": "events.eventinstance", "fields": {"end": "2012-02-04 00:00:01", "parent": 8, "created": "2010-12-04 23:18:49", "interval": null, "modified": "2010-12-04 23:18:49", "start": "2012-02-04 00:00:00", "limit": null, "location": null, "event": 4}}, {"pk": 66, "model": "events.eventinstance", "fields": {"end": "2012-02-11 00:00:01", "parent": 8, "created": "2010-12-04 23:18:49", "interval": null, "modified": "2010-12-04 23:18:49", "start": "2012-02-11 00:00:00", "limit": null, "location": null, "event": 4}}, {"pk": 67, "model": "events.eventinstance", "fields": {"end": "2012-02-18 00:00:01", "parent": 8, "created": "2010-12-04 23:18:49", "interval": null, "modified": "2010-12-04 23:18:49", "start": "2012-02-18 00:00:00", "limit": null, "location": null, "event": 4}}, {"pk": 68, "model": "events.eventinstance", "fields": {"end": "2012-02-25 00:00:01", "parent": 8, "created": "2010-12-04 23:18:49", "interval": null, "modified": "2010-12-04 23:18:49", "start": "2012-02-25 00:00:00", "limit": null, "location": null, "event": 4}}, {"pk": 69, "model": "events.eventinstance", "fields": {"end": "2012-03-03 00:00:01", "parent": 8, "created": "2010-12-04 23:18:49", "interval": null, "modified": "2010-12-04 23:18:49", "start": "2012-03-03 00:00:00", "limit": null, "location": null, "event": 4}}, {"pk": 70, "model": "events.eventinstance", "fields": {"end": "2012-03-10 00:00:01", "parent": 8, "created": "2010-12-04 23:18:49", "interval": null, "modified": "2010-12-04 23:18:49", "start": "2012-03-10 00:00:00", "limit": null, "location": null, "event": 4}}, {"pk": 71, "model": "events.eventinstance", "fields": {"end": "2012-03-17 00:00:01", "parent": 8, "created": "2010-12-04 23:18:49", "interval": null, "modified": "2010-12-04 23:18:49", "start": "2012-03-17 00:00:00", "limit": null, "location": null, "event": 4}}, {"pk": 72, "model": "events.eventinstance", "fields": {"end": "2012-03-24 00:00:01", "parent": 8, "created": "2010-12-04 23:18:49", "interval": null, "modified": "2010-12-04 23:18:49", "start": "2012-03-24 00:00:00", "limit": null, "location": null, "event": 4}}, {"pk": 73, "model": "events.eventinstance", "fields": {"end": "2012-03-31 00:00:01", "parent": 8, "created": "2010-12-04 23:18:49", "interval": null, "modified": "2010-12-04 23:18:49", "start": "2012-03-31 00:00:00", "limit": null, "location": null, "event": 4}}, {"pk": 74, "model": "events.eventinstance", "fields": {"end": "2012-04-07 00:00:01", "parent": 8, "created": "2010-12-04 23:18:49", "interval": null, "modified": "2010-12-04 23:18:49", "start": "2012-04-07 00:00:00", "limit": null, "location": null, "event": 4}}, {"pk": 75, "model": "events.eventinstance", "fields": {"end": "2012-04-14 00:00:01", "parent": 8, "created": "2010-12-04 23:18:49", "interval": null, "modified": "2010-12-04 23:18:49", "start": "2012-04-14 00:00:00", "limit": null, "location": null, "event": 4}}, {"pk": 76, "model": "events.eventinstance", "fields": {"end": "2012-04-21 00:00:01", "parent": 8, "created": "2010-12-04 23:18:49", "interval": null, "modified": "2010-12-04 23:18:49", "start": "2012-04-21 00:00:00", "limit": null, "location": null, "event": 4}}, {"pk": 77, "model": "events.eventinstance", "fields": {"end": "2012-04-28 00:00:01", "parent": 8, "created": "2010-12-04 23:18:49", "interval": null, "modified": "2010-12-04 23:18:49", "start": "2012-04-28 00:00:00", "limit": null, "location": null, "event": 4}}, {"pk": 78, "model": "events.eventinstance", "fields": {"end": "2012-05-05 00:00:01", "parent": 8, "created": "2010-12-04 23:18:49", "interval": null, "modified": "2010-12-04 23:18:49", "start": "2012-05-05 00:00:00", "limit": null, "location": null, "event": 4}}, {"pk": 79, "model": "events.eventinstance", "fields": {"end": "2012-05-12 00:00:01", "parent": 8, "created": "2010-12-04 23:18:49", "interval": null, "modified": "2010-12-04 23:18:49", "start": "2012-05-12 00:00:00", "limit": null, "location": null, "event": 4}}, {"pk": 80, "model": "events.eventinstance", "fields": {"end": "2012-05-19 00:00:01", "parent": 8, "created": "2010-12-04 23:18:49", "interval": null, "modified": "2010-12-04 23:18:49", "start": "2012-05-19 00:00:00", "limit": null, "location": null, "event": 4}}, {"pk": 81, "model": "events.eventinstance", "fields": {"end": "2012-05-26 00:00:01", "parent": 8, "created": "2010-12-04 23:18:49", "interval": null, "modified": "2010-12-04 23:18:49", "start": "2012-05-26 00:00:00", "limit": null, "location": null, "event": 4}}, {"pk": 82, "model": "events.eventinstance", "fields": {"end": "2012-06-02 00:00:01", "parent": 8, "created": "2010-12-04 23:18:49", "interval": null, "modified": "2010-12-04 23:18:49", "start": "2012-06-02 00:00:00", "limit": null, "location": null, "event": 4}}, {"pk": 83, "model": "events.eventinstance", "fields": {"end": "2012-06-09 00:00:01", "parent": 8, "created": "2010-12-04 23:18:49", "interval": null, "modified": "2010-12-04 23:18:49", "start": "2012-06-09 00:00:00", "limit": null, "location": null, "event": 4}}, {"pk": 84, "model": "events.eventinstance", "fields": {"end": "2012-06-16 00:00:01", "parent": 8, "created": "2010-12-04 23:18:49", "interval": null, "modified": "2010-12-04 23:18:49", "start": "2012-06-16 00:00:00", "limit": null, "location": null, "event": 4}}, {"pk": 85, "model": "events.eventinstance", "fields": {"end": "2012-06-23 00:00:01", "parent": 8, "created": "2010-12-04 23:18:49", "interval": null, "modified": "2010-12-04 23:18:49", "start": "2012-06-23 00:00:00", "limit": null, "location": null, "event": 4}}, {"pk": 86, "model": "events.eventinstance", "fields": {"end": "2012-06-30 00:00:01", "parent": 8, "created": "2010-12-04 23:18:49", "interval": null, "modified": "2010-12-04 23:18:49", "start": "2012-06-30 00:00:00", "limit": null, "location": null, "event": 4}}, {"pk": 87, "model": "events.eventinstance", "fields": {"end": "2012-07-07 00:00:01", "parent": 8, "created": "2010-12-04 23:18:49", "interval": null, "modified": "2010-12-04 23:18:49", "start": "2012-07-07 00:00:00", "limit": null, "location": null, "event": 4}}, {"pk": 88, "model": "events.eventinstance", "fields": {"end": "2012-07-14 00:00:01", "parent": 8, "created": "2010-12-04 23:18:49", "interval": null, "modified": "2010-12-04 23:18:49", "start": "2012-07-14 00:00:00", "limit": null, "location": null, "event": 4}}, {"pk": 89, "model": "events.eventinstance", "fields": {"end": "2012-07-21 00:00:01", "parent": 8, "created": "2010-12-04 23:18:49", "interval": null, "modified": "2010-12-04 23:18:49", "start": "2012-07-21 00:00:00", "limit": null, "location": null, "event": 4}}, {"pk": 90, "model": "events.eventinstance", "fields": {"end": "2012-07-28 00:00:01", "parent": 8, "created": "2010-12-04 23:18:49", "interval": null, "modified": "2010-12-04 23:18:49", "start": "2012-07-28 00:00:00", "limit": null, "location": null, "event": 4}}, {"pk": 91, "model": "events.eventinstance", "fields": {"end": "2012-08-04 00:00:01", "parent": 8, "created": "2010-12-04 23:18:49", "interval": null, "modified": "2010-12-04 23:18:49", "start": "2012-08-04 00:00:00", "limit": null, "location": null, "event": 4}}, {"pk": 92, "model": "events.eventinstance", "fields": {"end": "2012-08-11 00:00:01", "parent": 8, "created": "2010-12-04 23:18:49", "interval": null, "modified": "2010-12-04 23:18:49", "start": "2012-08-11 00:00:00", "limit": null, "location": null, "event": 4}}, {"pk": 93, "model": "events.eventinstance", "fields": {"end": "2012-08-18 00:00:01", "parent": 8, "created": "2010-12-04 23:18:49", "interval": null, "modified": "2010-12-04 23:18:49", "start": "2012-08-18 00:00:00", "limit": null, "location": null, "event": 4}}, {"pk": 94, "model": "events.eventinstance", "fields": {"end": "2012-08-25 00:00:01", "parent": 8, "created": "2010-12-04 23:18:49", "interval": null, "modified": "2010-12-04 23:18:49", "start": "2012-08-25 00:00:00", "limit": null, "location": null, "event": 4}}, {"pk": 95, "model": "events.eventinstance", "fields": {"end": "2012-09-01 00:00:01", "parent": 8, "created": "2010-12-04 23:18:49", "interval": null, "modified": "2010-12-04 23:18:49", "start": "2012-09-01 00:00:00", "limit": null, "location": null, "event": 4}}, {"pk": 96, "model": "events.eventinstance", "fields": {"end": "2012-09-08 00:00:01", "parent": 8, "created": "2010-12-04 23:18:49", "interval": null, "modified": "2010-12-04 23:18:49", "start": "2012-09-08 00:00:00", "limit": null, "location": null, "event": 4}}, {"pk": 97, "model": "events.eventinstance", "fields": {"end": "2012-09-15 00:00:01", "parent": 8, "created": "2010-12-04 23:18:49", "interval": null, "modified": "2010-12-04 23:18:49", "start": "2012-09-15 00:00:00", "limit": null, "location": null, "event": 4}}, {"pk": 98, "model": "events.eventinstance", "fields": {"end": "2012-09-22 00:00:01", "parent": 8, "created": "2010-12-04 23:18:49", "interval": null, "modified": "2010-12-04 23:18:49", "start": "2012-09-22 00:00:00", "limit": null, "location": null, "event": 4}}, {"pk": 99, "model": "events.eventinstance", "fields": {"end": "2012-09-29 00:00:01", "parent": 8, "created": "2010-12-04 23:18:49", "interval": null, "modified": "2010-12-04 23:18:49", "start": "2012-09-29 00:00:00", "limit": null, "location": null, "event": 4}}, {"pk": 100, "model": "events.eventinstance", "fields": {"end": "2012-10-06 00:00:01", "parent": 8, "created": "2010-12-04 23:18:49", "interval": null, "modified": "2010-12-04 23:18:49", "start": "2012-10-06 00:00:00", "limit": null, "location": null, "event": 4}}, {"pk": 101, "model": "events.eventinstance", "fields": {"end": "2012-10-13 00:00:01", "parent": 8, "created": "2010-12-04 23:18:49", "interval": null, "modified": "2010-12-04 23:18:49", "start": "2012-10-13 00:00:00", "limit": null, "location": null, "event": 4}}, {"pk": 102, "model": "events.eventinstance", "fields": {"end": "2012-10-20 00:00:01", "parent": 8, "created": "2010-12-04 23:18:49", "interval": null, "modified": "2010-12-04 23:18:49", "start": "2012-10-20 00:00:00", "limit": null, "location": null, "event": 4}}, {"pk": 103, "model": "events.eventinstance", "fields": {"end": "2012-10-27 00:00:01", "parent": 8, "created": "2010-12-04 23:18:49", "interval": null, "modified": "2010-12-04 23:18:49", "start": "2012-10-27 00:00:00", "limit": null, "location": null, "event": 4}}, {"pk": 104, "model": "events.eventinstance", "fields": {"end": "2012-11-03 00:00:01", "parent": 8, "created": "2010-12-04 23:18:49", "interval": null, "modified": "2010-12-04 23:18:49", "start": "2012-11-03 00:00:00", "limit": null, "location": null, "event": 4}}, {"pk": 105, "model": "events.eventinstance", "fields": {"end": "2012-11-10 00:00:01", "parent": 8, "created": "2010-12-04 23:18:49", "interval": null, "modified": "2010-12-04 23:18:49", "start": "2012-11-10 00:00:00", "limit": null, "location": null, "event": 4}}, {"pk": 106, "model": "events.eventinstance", "fields": {"end": "2012-11-17 00:00:01", "parent": 8, "created": "2010-12-04 23:18:49", "interval": null, "modified": "2010-12-04 23:18:49", "start": "2012-11-17 00:00:00", "limit": null, "location": null, "event": 4}}, {"pk": 107, "model": "events.eventinstance", "fields": {"end": "2012-11-24 00:00:01", "parent": 8, "created": "2010-12-04 23:18:49", "interval": null, "modified": "2010-12-04 23:18:49", "start": "2012-11-24 00:00:00", "limit": null, "location": null, "event": 4}}, {"pk": 108, "model": "events.eventinstance", "fields": {"end": "2012-12-01 00:00:01", "parent": 8, "created": "2010-12-04 23:18:49", "interval": null, "modified": "2010-12-04 23:18:49", "start": "2012-12-01 00:00:00", "limit": null, "location": null, "event": 4}}, {"pk": 109, "model": "events.eventinstance", "fields": {"end": "2012-12-08 00:00:01", "parent": 8, "created": "2010-12-04 23:18:49", "interval": null, "modified": "2010-12-04 23:18:49", "start": "2012-12-08 00:00:00", "limit": null, "location": null, "event": 4}}, {"pk": 110, "model": "events.eventinstance", "fields": {"end": "2012-12-15 00:00:01", "parent": 8, "created": "2010-12-04 23:18:49", "interval": null, "modified": "2010-12-04 23:18:49", "start": "2012-12-15 00:00:00", "limit": null, "location": null, "event": 4}}, {"pk": 111, "model": "events.eventinstance", "fields": {"end": "2012-12-22 00:00:01", "parent": 8, "created": "2010-12-04 23:18:49", "interval": null, "modified": "2010-12-04 23:18:49", "start": "2012-12-22 00:00:00", "limit": null, "location": null, "event": 4}}, {"pk": 112, "model": "events.eventinstance", "fields": {"end": "2012-12-29 00:00:01", "parent": 8, "created": "2010-12-04 23:18:49", "interval": null, "modified": "2010-12-04 23:18:49", "start": "2012-12-29 00:00:00", "limit": null, "location": null, "event": 4}}, {"pk": 113, "model": "events.eventinstance", "fields": {"end": "2013-01-05 00:00:01", "parent": 8, "created": "2010-12-04 23:18:49", "interval": null, "modified": "2010-12-04 23:18:49", "start": "2013-01-05 00:00:00", "limit": null, "location": null, "event": 4}}, {"pk": 114, "model": "events.eventinstance", "fields": {"end": "2013-01-12 00:00:01", "parent": 8, "created": "2010-12-04 23:18:49", "interval": null, "modified": "2010-12-04 23:18:49", "start": "2013-01-12 00:00:00", "limit": null, "location": null, "event": 4}}, {"pk": 115, "model": "events.eventinstance", "fields": {"end": "2013-01-19 00:00:01", "parent": 8, "created": "2010-12-04 23:18:49", "interval": null, "modified": "2010-12-04 23:18:49", "start": "2013-01-19 00:00:00", "limit": null, "location": null, "event": 4}}, {"pk": 116, "model": "events.eventinstance", "fields": {"end": "2013-01-26 00:00:01", "parent": 8, "created": "2010-12-04 23:18:49", "interval": null, "modified": "2010-12-04 23:18:49", "start": "2013-01-26 00:00:00", "limit": null, "location": null, "event": 4}}, {"pk": 117, "model": "events.eventinstance", "fields": {"end": "2013-02-02 00:00:01", "parent": 8, "created": "2010-12-04 23:18:49", "interval": null, "modified": "2010-12-04 23:18:49", "start": "2013-02-02 00:00:00", "limit": null, "location": null, "event": 4}}, {"pk": 118, "model": "events.eventinstance", "fields": {"end": "2013-02-09 00:00:01", "parent": 8, "created": "2010-12-04 23:18:49", "interval": null, "modified": "2010-12-04 23:18:49", "start": "2013-02-09 00:00:00", "limit": null, "location": null, "event": 4}}, {"pk": 119, "model": "events.eventinstance", "fields": {"end": "2013-02-16 00:00:01", "parent": 8, "created": "2010-12-04 23:18:49", "interval": null, "modified": "2010-12-04 23:18:49", "start": "2013-02-16 00:00:00", "limit": null, "location": null, "event": 4}}, {"pk": 120, "model": "events.eventinstance", "fields": {"end": "2013-02-23 00:00:01", "parent": 8, "created": "2010-12-04 23:18:49", "interval": null, "modified": "2010-12-04 23:18:49", "start": "2013-02-23 00:00:00", "limit": null, "location": null, "event": 4}}, {"pk": 121, "model": "events.eventinstance", "fields": {"end": "2013-03-02 00:00:01", "parent": 8, "created": "2010-12-04 23:18:49", "interval": null, "modified": "2010-12-04 23:18:49", "start": "2013-03-02 00:00:00", "limit": null, "location": null, "event": 4}}, {"pk": 122, "model": "events.eventinstance", "fields": {"end": "2013-03-09 00:00:01", "parent": 8, "created": "2010-12-04 23:18:49", "interval": null, "modified": "2010-12-04 23:18:49", "start": "2013-03-09 00:00:00", "limit": null, "location": null, "event": 4}}, {"pk": 123, "model": "events.eventinstance", "fields": {"end": "2013-03-16 00:00:01", "parent": 8, "created": "2010-12-04 23:18:49", "interval": null, "modified": "2010-12-04 23:18:49", "start": "2013-03-16 00:00:00", "limit": null, "location": null, "event": 4}}, {"pk": 124, "model": "events.eventinstance", "fields": {"end": "2013-03-23 00:00:01", "parent": 8, "created": "2010-12-04 23:18:49", "interval": null, "modified": "2010-12-04 23:18:49", "start": "2013-03-23 00:00:00", "limit": null, "location": null, "event": 4}}, {"pk": 125, "model": "events.eventinstance", "fields": {"end": "2013-03-30 00:00:01", "parent": 8, "created": "2010-12-04 23:18:49", "interval": null, "modified": "2010-12-04 23:18:49", "start": "2013-03-30 00:00:00", "limit": null, "location": null, "event": 4}}, {"pk": 126, "model": "events.eventinstance", "fields": {"end": "2013-04-06 00:00:01", "parent": 8, "created": "2010-12-04 23:18:49", "interval": null, "modified": "2010-12-04 23:18:49", "start": "2013-04-06 00:00:00", "limit": null, "location": null, "event": 4}}, {"pk": 127, "model": "events.eventinstance", "fields": {"end": "2013-04-13 00:00:01", "parent": 8, "created": "2010-12-04 23:18:49", "interval": null, "modified": "2010-12-04 23:18:49", "start": "2013-04-13 00:00:00", "limit": null, "location": null, "event": 4}}, {"pk": 128, "model": "events.eventinstance", "fields": {"end": "2013-04-20 00:00:01", "parent": 8, "created": "2010-12-04 23:18:50", "interval": null, "modified": "2010-12-04 23:18:50", "start": "2013-04-20 00:00:00", "limit": null, "location": null, "event": 4}}, {"pk": 129, "model": "events.eventinstance", "fields": {"end": "2013-04-27 00:00:01", "parent": 8, "created": "2010-12-04 23:18:50", "interval": null, "modified": "2010-12-04 23:18:50", "start": "2013-04-27 00:00:00", "limit": null, "location": null, "event": 4}}, {"pk": 130, "model": "events.eventinstance", "fields": {"end": "2013-05-04 00:00:01", "parent": 8, "created": "2010-12-04 23:18:50", "interval": null, "modified": "2010-12-04 23:18:50", "start": "2013-05-04 00:00:00", "limit": null, "location": null, "event": 4}}, {"pk": 131, "model": "events.eventinstance", "fields": {"end": "2013-05-11 00:00:01", "parent": 8, "created": "2010-12-04 23:18:50", "interval": null, "modified": "2010-12-04 23:18:50", "start": "2013-05-11 00:00:00", "limit": null, "location": null, "event": 4}}, {"pk": 132, "model": "events.eventinstance", "fields": {"end": "2013-05-18 00:00:01", "parent": 8, "created": "2010-12-04 23:18:50", "interval": null, "modified": "2010-12-04 23:18:50", "start": "2013-05-18 00:00:00", "limit": null, "location": null, "event": 4}}, {"pk": 133, "model": "events.eventinstance", "fields": {"end": "2013-05-25 00:00:01", "parent": 8, "created": "2010-12-04 23:18:50", "interval": null, "modified": "2010-12-04 23:18:50", "start": "2013-05-25 00:00:00", "limit": null, "location": null, "event": 4}}, {"pk": 134, "model": "events.eventinstance", "fields": {"end": "2013-06-01 00:00:01", "parent": 8, "created": "2010-12-04 23:18:50", "interval": null, "modified": "2010-12-04 23:18:50", "start": "2013-06-01 00:00:00", "limit": null, "location": null, "event": 4}}, {"pk": 135, "model": "events.eventinstance", "fields": {"end": "2013-06-08 00:00:01", "parent": 8, "created": "2010-12-04 23:18:50", "interval": null, "modified": "2010-12-04 23:18:50", "start": "2013-06-08 00:00:00", "limit": null, "location": null, "event": 4}}, {"pk": 136, "model": "events.eventinstance", "fields": {"end": "2013-06-15 00:00:01", "parent": 8, "created": "2010-12-04 23:18:50", "interval": null, "modified": "2010-12-04 23:18:50", "start": "2013-06-15 00:00:00", "limit": null, "location": null, "event": 4}}, {"pk": 137, "model": "events.eventinstance", "fields": {"end": "2013-06-22 00:00:01", "parent": 8, "created": "2010-12-04 23:18:50", "interval": null, "modified": "2010-12-04 23:18:50", "start": "2013-06-22 00:00:00", "limit": null, "location": null, "event": 4}}, {"pk": 138, "model": "events.eventinstance", "fields": {"end": "2013-06-29 00:00:01", "parent": 8, "created": "2010-12-04 23:18:50", "interval": null, "modified": "2010-12-04 23:18:50", "start": "2013-06-29 00:00:00", "limit": null, "location": null, "event": 4}}, {"pk": 139, "model": "events.eventinstance", "fields": {"end": "2013-07-06 00:00:01", "parent": 8, "created": "2010-12-04 23:18:50", "interval": null, "modified": "2010-12-04 23:18:50", "start": "2013-07-06 00:00:00", "limit": null, "location": null, "event": 4}}, {"pk": 140, "model": "events.eventinstance", "fields": {"end": "2013-07-13 00:00:01", "parent": 8, "created": "2010-12-04 23:18:50", "interval": null, "modified": "2010-12-04 23:18:50", "start": "2013-07-13 00:00:00", "limit": null, "location": null, "event": 4}}, {"pk": 141, "model": "events.eventinstance", "fields": {"end": "2013-07-20 00:00:01", "parent": 8, "created": "2010-12-04 23:18:50", "interval": null, "modified": "2010-12-04 23:18:50", "start": "2013-07-20 00:00:00", "limit": null, "location": null, "event": 4}}, {"pk": 142, "model": "events.eventinstance", "fields": {"end": "2013-07-27 00:00:01", "parent": 8, "created": "2010-12-04 23:18:50", "interval": null, "modified": "2010-12-04 23:18:50", "start": "2013-07-27 00:00:00", "limit": null, "location": null, "event": 4}}, {"pk": 143, "model": "events.eventinstance", "fields": {"end": "2013-08-03 00:00:01", "parent": 8, "created": "2010-12-04 23:18:50", "interval": null, "modified": "2010-12-04 23:18:50", "start": "2013-08-03 00:00:00", "limit": null, "location": null, "event": 4}}, {"pk": 144, "model": "events.eventinstance", "fields": {"end": "2013-08-10 00:00:01", "parent": 8, "created": "2010-12-04 23:18:50", "interval": null, "modified": "2010-12-04 23:18:50", "start": "2013-08-10 00:00:00", "limit": null, "location": null, "event": 4}}, {"pk": 145, "model": "events.eventinstance", "fields": {"end": "2013-08-17 00:00:01", "parent": 8, "created": "2010-12-04 23:18:50", "interval": null, "modified": "2010-12-04 23:18:50", "start": "2013-08-17 00:00:00", "limit": null, "location": null, "event": 4}}, {"pk": 146, "model": "events.eventinstance", "fields": {"end": "2013-08-24 00:00:01", "parent": 8, "created": "2010-12-04 23:18:50", "interval": null, "modified": "2010-12-04 23:18:50", "start": "2013-08-24 00:00:00", "limit": null, "location": null, "event": 4}}, {"pk": 147, "model": "events.eventinstance", "fields": {"end": "2013-08-31 00:00:01", "parent": 8, "created": "2010-12-04 23:18:50", "interval": null, "modified": "2010-12-04 23:18:50", "start": "2013-08-31 00:00:00", "limit": null, "location": null, "event": 4}}, {"pk": 148, "model": "events.eventinstance", "fields": {"end": "2013-09-07 00:00:01", "parent": 8, "created": "2010-12-04 23:18:50", "interval": null, "modified": "2010-12-04 23:18:50", "start": "2013-09-07 00:00:00", "limit": null, "location": null, "event": 4}}, {"pk": 149, "model": "events.eventinstance", "fields": {"end": "2013-09-14 00:00:01", "parent": 8, "created": "2010-12-04 23:18:50", "interval": null, "modified": "2010-12-04 23:18:50", "start": "2013-09-14 00:00:00", "limit": null, "location": null, "event": 4}}, {"pk": 150, "model": "events.eventinstance", "fields": {"end": "2013-09-21 00:00:01", "parent": 8, "created": "2010-12-04 23:18:50", "interval": null, "modified": "2010-12-04 23:18:50", "start": "2013-09-21 00:00:00", "limit": null, "location": null, "event": 4}}, {"pk": 151, "model": "events.eventinstance", "fields": {"end": "2013-09-28 00:00:01", "parent": 8, "created": "2010-12-04 23:18:50", "interval": null, "modified": "2010-12-04 23:18:50", "start": "2013-09-28 00:00:00", "limit": null, "location": null, "event": 4}}, {"pk": 152, "model": "events.eventinstance", "fields": {"end": "2013-10-05 00:00:01", "parent": 8, "created": "2010-12-04 23:18:50", "interval": null, "modified": "2010-12-04 23:18:50", "start": "2013-10-05 00:00:00", "limit": null, "location": null, "event": 4}}, {"pk": 153, "model": "events.eventinstance", "fields": {"end": "2013-10-12 00:00:01", "parent": 8, "created": "2010-12-04 23:18:50", "interval": null, "modified": "2010-12-04 23:18:50", "start": "2013-10-12 00:00:00", "limit": null, "location": null, "event": 4}}, {"pk": 154, "model": "events.eventinstance", "fields": {"end": "2013-10-19 00:00:01", "parent": 8, "created": "2010-12-04 23:18:50", "interval": null, "modified": "2010-12-04 23:18:50", "start": "2013-10-19 00:00:00", "limit": null, "location": null, "event": 4}}, {"pk": 155, "model": "events.eventinstance", "fields": {"end": "2013-10-26 00:00:01", "parent": 8, "created": "2010-12-04 23:18:50", "interval": null, "modified": "2010-12-04 23:18:50", "start": "2013-10-26 00:00:00", "limit": null, "location": null, "event": 4}}, {"pk": 156, "model": "events.eventinstance", "fields": {"end": "2013-11-02 00:00:01", "parent": 8, "created": "2010-12-04 23:18:50", "interval": null, "modified": "2010-12-04 23:18:50", "start": "2013-11-02 00:00:00", "limit": null, "location": null, "event": 4}}, {"pk": 157, "model": "events.eventinstance", "fields": {"end": "2013-11-09 00:00:01", "parent": 8, "created": "2010-12-04 23:18:50", "interval": null, "modified": "2010-12-04 23:18:50", "start": "2013-11-09 00:00:00", "limit": null, "location": null, "event": 4}}, {"pk": 158, "model": "events.eventinstance", "fields": {"end": "2013-11-16 00:00:01", "parent": 8, "created": "2010-12-04 23:18:50", "interval": null, "modified": "2010-12-04 23:18:50", "start": "2013-11-16 00:00:00", "limit": null, "location": null, "event": 4}}, {"pk": 159, "model": "events.eventinstance", "fields": {"end": "2013-11-23 00:00:01", "parent": 8, "created": "2010-12-04 23:18:50", "interval": null, "modified": "2010-12-04 23:18:50", "start": "2013-11-23 00:00:00", "limit": null, "location": null, "event": 4}}, {"pk": 160, "model": "events.eventinstance", "fields": {"end": "2013-11-30 00:00:01", "parent": 8, "created": "2010-12-04 23:18:50", "interval": null, "modified": "2010-12-04 23:18:50", "start": "2013-11-30 00:00:00", "limit": null, "location": null, "event": 4}}, {"pk": 161, "model": "events.eventinstance", "fields": {"end": "2013-12-07 00:00:01", "parent": 8, "created": "2010-12-04 23:18:50", "interval": null, "modified": "2010-12-04 23:18:50", "start": "2013-12-07 00:00:00", "limit": null, "location": null, "event": 4}}, {"pk": 162, "model": "events.eventinstance", "fields": {"end": "2013-12-14 00:00:01", "parent": 8, "created": "2010-12-04 23:18:50", "interval": null, "modified": "2010-12-04 23:18:50", "start": "2013-12-14 00:00:00", "limit": null, "location": null, "event": 4}}, {"pk": 163, "model": "events.eventinstance", "fields": {"end": "2013-12-21 00:00:01", "parent": 8, "created": "2010-12-04 23:18:50", "interval": null, "modified": "2010-12-04 23:18:50", "start": "2013-12-21 00:00:00", "limit": null, "location": null, "event": 4}}, {"pk": 164, "model": "events.eventinstance", "fields": {"end": "2013-12-28 00:00:01", "parent": 8, "created": "2010-12-04 23:18:50", "interval": null, "modified": "2010-12-04 23:18:50", "start": "2013-12-28 00:00:00", "limit": null, "location": null, "event": 4}}, {"pk": 165, "model": "events.eventinstance", "fields": {"end": "2014-01-04 00:00:01", "parent": 8, "created": "2010-12-04 23:18:50", "interval": null, "modified": "2010-12-04 23:18:50", "start": "2014-01-04 00:00:00", "limit": null, "location": null, "event": 4}}, {"pk": 166, "model": "events.eventinstance", "fields": {"end": "2014-01-11 00:00:01", "parent": 8, "created": "2010-12-04 23:18:50", "interval": null, "modified": "2010-12-04 23:18:50", "start": "2014-01-11 00:00:00", "limit": null, "location": null, "event": 4}}, {"pk": 167, "model": "events.eventinstance", "fields": {"end": "2014-01-18 00:00:01", "parent": 8, "created": "2010-12-04 23:18:50", "interval": null, "modified": "2010-12-04 23:18:50", "start": "2014-01-18 00:00:00", "limit": null, "location": null, "event": 4}}, {"pk": 168, "model": "events.eventinstance", "fields": {"end": "2014-01-25 00:00:01", "parent": 8, "created": "2010-12-04 23:18:50", "interval": null, "modified": "2010-12-04 23:18:50", "start": "2014-01-25 00:00:00", "limit": null, "location": null, "event": 4}}, {"pk": 169, "model": "events.eventinstance", "fields": {"end": "2014-02-01 00:00:01", "parent": 8, "created": "2010-12-04 23:18:50", "interval": null, "modified": "2010-12-04 23:18:50", "start": "2014-02-01 00:00:00", "limit": null, "location": null, "event": 4}}, {"pk": 170, "model": "events.eventinstance", "fields": {"end": "2014-02-08 00:00:01", "parent": 8, "created": "2010-12-04 23:18:50", "interval": null, "modified": "2010-12-04 23:18:50", "start": "2014-02-08 00:00:00", "limit": null, "location": null, "event": 4}}, {"pk": 171, "model": "events.eventinstance", "fields": {"end": "2014-02-15 00:00:01", "parent": 8, "created": "2010-12-04 23:18:50", "interval": null, "modified": "2010-12-04 23:18:50", "start": "2014-02-15 00:00:00", "limit": null, "location": null, "event": 4}}, {"pk": 172, "model": "events.eventinstance", "fields": {"end": "2014-02-22 00:00:01", "parent": 8, "created": "2010-12-04 23:18:50", "interval": null, "modified": "2010-12-04 23:18:50", "start": "2014-02-22 00:00:00", "limit": null, "location": null, "event": 4}}, {"pk": 173, "model": "events.eventinstance", "fields": {"end": "2014-03-01 00:00:01", "parent": 8, "created": "2010-12-04 23:18:50", "interval": null, "modified": "2010-12-04 23:18:50", "start": "2014-03-01 00:00:00", "limit": null, "location": null, "event": 4}}, {"pk": 174, "model": "events.eventinstance", "fields": {"end": "2014-03-08 00:00:01", "parent": 8, "created": "2010-12-04 23:18:50", "interval": null, "modified": "2010-12-04 23:18:50", "start": "2014-03-08 00:00:00", "limit": null, "location": null, "event": 4}}, {"pk": 175, "model": "events.eventinstance", "fields": {"end": "2014-03-15 00:00:01", "parent": 8, "created": "2010-12-04 23:18:50", "interval": null, "modified": "2010-12-04 23:18:50", "start": "2014-03-15 00:00:00", "limit": null, "location": null, "event": 4}}, {"pk": 176, "model": "events.eventinstance", "fields": {"end": "2014-03-22 00:00:01", "parent": 8, "created": "2010-12-04 23:18:50", "interval": null, "modified": "2010-12-04 23:18:50", "start": "2014-03-22 00:00:00", "limit": null, "location": null, "event": 4}}, {"pk": 177, "model": "events.eventinstance", "fields": {"end": "2014-03-29 00:00:01", "parent": 8, "created": "2010-12-04 23:18:50", "interval": null, "modified": "2010-12-04 23:18:50", "start": "2014-03-29 00:00:00", "limit": null, "location": null, "event": 4}}, {"pk": 178, "model": "events.eventinstance", "fields": {"end": "2014-04-05 00:00:01", "parent": 8, "created": "2010-12-04 23:18:50", "interval": null, "modified": "2010-12-04 23:18:50", "start": "2014-04-05 00:00:00", "limit": null, "location": null, "event": 4}}, {"pk": 179, "model": "events.eventinstance", "fields": {"end": "2014-04-12 00:00:01", "parent": 8, "created": "2010-12-04 23:18:50", "interval": null, "modified": "2010-12-04 23:18:50", "start": "2014-04-12 00:00:00", "limit": null, "location": null, "event": 4}}, {"pk": 180, "model": "events.eventinstance", "fields": {"end": "2014-04-19 00:00:01", "parent": 8, "created": "2010-12-04 23:18:50", "interval": null, "modified": "2010-12-04 23:18:50", "start": "2014-04-19 00:00:00", "limit": null, "location": null, "event": 4}}, {"pk": 181, "model": "events.eventinstance", "fields": {"end": "2014-04-26 00:00:01", "parent": 8, "created": "2010-12-04 23:18:50", "interval": null, "modified": "2010-12-04 23:18:50", "start": "2014-04-26 00:00:00", "limit": null, "location": null, "event": 4}}, {"pk": 182, "model": "events.eventinstance", "fields": {"end": "2014-05-03 00:00:01", "parent": 8, "created": "2010-12-04 23:18:50", "interval": null, "modified": "2010-12-04 23:18:50", "start": "2014-05-03 00:00:00", "limit": null, "location": null, "event": 4}}, {"pk": 183, "model": "events.eventinstance", "fields": {"end": "2014-05-10 00:00:01", "parent": 8, "created": "2010-12-04 23:18:50", "interval": null, "modified": "2010-12-04 23:18:50", "start": "2014-05-10 00:00:00", "limit": null, "location": null, "event": 4}}, {"pk": 184, "model": "events.eventinstance", "fields": {"end": "2014-05-17 00:00:01", "parent": 8, "created": "2010-12-04 23:18:50", "interval": null, "modified": "2010-12-04 23:18:50", "start": "2014-05-17 00:00:00", "limit": null, "location": null, "event": 4}}, {"pk": 185, "model": "events.eventinstance", "fields": {"end": "2014-05-24 00:00:01", "parent": 8, "created": "2010-12-04 23:18:50", "interval": null, "modified": "2010-12-04 23:18:50", "start": "2014-05-24 00:00:00", "limit": null, "location": null, "event": 4}}, {"pk": 186, "model": "events.eventinstance", "fields": {"end": "2014-05-31 00:00:01", "parent": 8, "created": "2010-12-04 23:18:50", "interval": null, "modified": "2010-12-04 23:18:50", "start": "2014-05-31 00:00:00", "limit": null, "location": null, "event": 4}}, {"pk": 187, "model": "events.eventinstance", "fields": {"end": "2014-06-07 00:00:01", "parent": 8, "created": "2010-12-04 23:18:50", "interval": null, "modified": "2010-12-04 23:18:50", "start": "2014-06-07 00:00:00", "limit": null, "location": null, "event": 4}}, {"pk": 188, "model": "events.eventinstance", "fields": {"end": "2014-06-14 00:00:01", "parent": 8, "created": "2010-12-04 23:18:50", "interval": null, "modified": "2010-12-04 23:18:50", "start": "2014-06-14 00:00:00", "limit": null, "location": null, "event": 4}}, {"pk": 189, "model": "events.eventinstance", "fields": {"end": "2014-06-21 00:00:01", "parent": 8, "created": "2010-12-04 23:18:50", "interval": null, "modified": "2010-12-04 23:18:50", "start": "2014-06-21 00:00:00", "limit": null, "location": null, "event": 4}}, {"pk": 190, "model": "events.eventinstance", "fields": {"end": "2014-06-28 00:00:01", "parent": 8, "created": "2010-12-04 23:18:50", "interval": null, "modified": "2010-12-04 23:18:50", "start": "2014-06-28 00:00:00", "limit": null, "location": null, "event": 4}}, {"pk": 191, "model": "events.eventinstance", "fields": {"end": "2014-07-05 00:00:01", "parent": 8, "created": "2010-12-04 23:18:50", "interval": null, "modified": "2010-12-04 23:18:50", "start": "2014-07-05 00:00:00", "limit": null, "location": null, "event": 4}}, {"pk": 192, "model": "events.eventinstance", "fields": {"end": "2014-07-12 00:00:01", "parent": 8, "created": "2010-12-04 23:18:50", "interval": null, "modified": "2010-12-04 23:18:50", "start": "2014-07-12 00:00:00", "limit": null, "location": null, "event": 4}}, {"pk": 193, "model": "events.eventinstance", "fields": {"end": "2014-07-19 00:00:01", "parent": 8, "created": "2010-12-04 23:18:50", "interval": null, "modified": "2010-12-04 23:18:50", "start": "2014-07-19 00:00:00", "limit": null, "location": null, "event": 4}}, {"pk": 194, "model": "events.eventinstance", "fields": {"end": "2014-07-26 00:00:01", "parent": 8, "created": "2010-12-04 23:18:50", "interval": null, "modified": "2010-12-04 23:18:50", "start": "2014-07-26 00:00:00", "limit": null, "location": null, "event": 4}}, {"pk": 195, "model": "events.eventinstance", "fields": {"end": "2014-08-02 00:00:01", "parent": 8, "created": "2010-12-04 23:18:50", "interval": null, "modified": "2010-12-04 23:18:50", "start": "2014-08-02 00:00:00", "limit": null, "location": null, "event": 4}}, {"pk": 196, "model": "events.eventinstance", "fields": {"end": "2014-08-09 00:00:01", "parent": 8, "created": "2010-12-04 23:18:50", "interval": null, "modified": "2010-12-04 23:18:50", "start": "2014-08-09 00:00:00", "limit": null, "location": null, "event": 4}}, {"pk": 197, "model": "events.eventinstance", "fields": {"end": "2014-08-16 00:00:01", "parent": 8, "created": "2010-12-04 23:18:50", "interval": null, "modified": "2010-12-04 23:18:50", "start": "2014-08-16 00:00:00", "limit": null, "location": null, "event": 4}}, {"pk": 198, "model": "events.eventinstance", "fields": {"end": "2014-08-23 00:00:01", "parent": 8, "created": "2010-12-04 23:18:50", "interval": null, "modified": "2010-12-04 23:18:50", "start": "2014-08-23 00:00:00", "limit": null, "location": null, "event": 4}}, {"pk": 199, "model": "events.eventinstance", "fields": {"end": "2014-08-30 00:00:01", "parent": 8, "created": "2010-12-04 23:18:50", "interval": null, "modified": "2010-12-04 23:18:50", "start": "2014-08-30 00:00:00", "limit": null, "location": null, "event": 4}}, {"pk": 200, "model": "events.eventinstance", "fields": {"end": "2014-09-06 00:00:01", "parent": 8, "created": "2010-12-04 23:18:50", "interval": null, "modified": "2010-12-04 23:18:50", "start": "2014-09-06 00:00:00", "limit": null, "location": null, "event": 4}}, {"pk": 201, "model": "events.eventinstance", "fields": {"end": "2014-09-13 00:00:01", "parent": 8, "created": "2010-12-04 23:18:50", "interval": null, "modified": "2010-12-04 23:18:50", "start": "2014-09-13 00:00:00", "limit": null, "location": null, "event": 4}}, {"pk": 202, "model": "events.eventinstance", "fields": {"end": "2014-09-20 00:00:01", "parent": 8, "created": "2010-12-04 23:18:50", "interval": null, "modified": "2010-12-04 23:18:50", "start": "2014-09-20 00:00:00", "limit": null, "location": null, "event": 4}}, {"pk": 203, "model": "events.eventinstance", "fields": {"end": "2014-09-27 00:00:01", "parent": 8, "created": "2010-12-04 23:18:50", "interval": null, "modified": "2010-12-04 23:18:50", "start": "2014-09-27 00:00:00", "limit": null, "location": null, "event": 4}}, {"pk": 204, "model": "events.eventinstance", "fields": {"end": "2014-10-04 00:00:01", "parent": 8, "created": "2010-12-04 23:18:50", "interval": null, "modified": "2010-12-04 23:18:50", "start": "2014-10-04 00:00:00", "limit": null, "location": null, "event": 4}}, {"pk": 205, "model": "events.eventinstance", "fields": {"end": "2014-10-11 00:00:01", "parent": 8, "created": "2010-12-04 23:18:50", "interval": null, "modified": "2010-12-04 23:18:50", "start": "2014-10-11 00:00:00", "limit": null, "location": null, "event": 4}}, {"pk": 206, "model": "events.eventinstance", "fields": {"end": "2014-10-18 00:00:01", "parent": 8, "created": "2010-12-04 23:18:50", "interval": null, "modified": "2010-12-04 23:18:50", "start": "2014-10-18 00:00:00", "limit": null, "location": null, "event": 4}}, {"pk": 207, "model": "events.eventinstance", "fields": {"end": "2014-10-25 00:00:01", "parent": 8, "created": "2010-12-04 23:18:50", "interval": null, "modified": "2010-12-04 23:18:50", "start": "2014-10-25 00:00:00", "limit": null, "location": null, "event": 4}}, {"pk": 208, "model": "events.eventinstance", "fields": {"end": "2014-11-01 00:00:01", "parent": 8, "created": "2010-12-04 23:18:50", "interval": null, "modified": "2010-12-04 23:18:50", "start": "2014-11-01 00:00:00", "limit": null, "location": null, "event": 4}}, {"pk": 209, "model": "events.eventinstance", "fields": {"end": "2014-11-08 00:00:01", "parent": 8, "created": "2010-12-04 23:18:50", "interval": null, "modified": "2010-12-04 23:18:50", "start": "2014-11-08 00:00:00", "limit": null, "location": null, "event": 4}}, {"pk": 210, "model": "events.eventinstance", "fields": {"end": "2014-11-15 00:00:01", "parent": 8, "created": "2010-12-04 23:18:50", "interval": null, "modified": "2010-12-04 23:18:50", "start": "2014-11-15 00:00:00", "limit": null, "location": null, "event": 4}}, {"pk": 211, "model": "events.eventinstance", "fields": {"end": "2014-11-22 00:00:01", "parent": 8, "created": "2010-12-04 23:18:50", "interval": null, "modified": "2010-12-04 23:18:50", "start": "2014-11-22 00:00:00", "limit": null, "location": null, "event": 4}}, {"pk": 212, "model": "events.eventinstance", "fields": {"end": "2014-11-29 00:00:01", "parent": 8, "created": "2010-12-04 23:18:50", "interval": null, "modified": "2010-12-04 23:18:50", "start": "2014-11-29 00:00:00", "limit": null, "location": null, "event": 4}}, {"pk": 213, "model": "events.eventinstance", "fields": {"end": "2014-12-06 00:00:01", "parent": 8, "created": "2010-12-04 23:18:50", "interval": null, "modified": "2010-12-04 23:18:50", "start": "2014-12-06 00:00:00", "limit": null, "location": null, "event": 4}}, {"pk": 214, "model": "events.eventinstance", "fields": {"end": "2014-12-13 00:00:01", "parent": 8, "created": "2010-12-04 23:18:50", "interval": null, "modified": "2010-12-04 23:18:50", "start": "2014-12-13 00:00:00", "limit": null, "location": null, "event": 4}}, {"pk": 215, "model": "events.eventinstance", "fields": {"end": "2014-12-20 00:00:01", "parent": 8, "created": "2010-12-04 23:18:50", "interval": null, "modified": "2010-12-04 23:18:50", "start": "2014-12-20 00:00:00", "limit": null, "location": null, "event": 4}}, {"pk": 216, "model": "events.eventinstance", "fields": {"end": "2014-12-27 00:00:01", "parent": 8, "created": "2010-12-04 23:18:50", "interval": null, "modified": "2010-12-04 23:18:50", "start": "2014-12-27 00:00:00", "limit": null, "location": null, "event": 4}}, {"pk": 217, "model": "events.eventinstance", "fields": {"end": "2011-01-03 20:00:00", "parent": null, "created": "2010-12-04 23:24:07", "interval": 3, "modified": "2010-12-04 23:24:07", "start": "2011-01-03 18:00:00", "limit": 24, "location": null, "event": 5}}, {"pk": 218, "model": "events.eventinstance", "fields": {"end": "2011-02-03 20:00:00", "parent": 217, "created": "2010-12-04 23:24:07", "interval": null, "modified": "2010-12-04 23:24:07", "start": "2011-02-03 18:00:00", "limit": null, "location": null, "event": 5}}, {"pk": 219, "model": "events.eventinstance", "fields": {"end": "2011-03-03 20:00:00", "parent": 217, "created": "2010-12-04 23:24:07", "interval": null, "modified": "2010-12-04 23:24:07", "start": "2011-03-03 18:00:00", "limit": null, "location": null, "event": 5}}, {"pk": 220, "model": "events.eventinstance", "fields": {"end": "2011-04-03 20:00:00", "parent": 217, "created": "2010-12-04 23:24:07", "interval": null, "modified": "2010-12-04 23:24:07", "start": "2011-04-03 18:00:00", "limit": null, "location": null, "event": 5}}, {"pk": 221, "model": "events.eventinstance", "fields": {"end": "2011-05-03 20:00:00", "parent": 217, "created": "2010-12-04 23:24:07", "interval": null, "modified": "2010-12-04 23:24:07", "start": "2011-05-03 18:00:00", "limit": null, "location": null, "event": 5}}, {"pk": 222, "model": "events.eventinstance", "fields": {"end": "2011-06-03 20:00:00", "parent": 217, "created": "2010-12-04 23:24:07", "interval": null, "modified": "2010-12-04 23:24:07", "start": "2011-06-03 18:00:00", "limit": null, "location": null, "event": 5}}, {"pk": 223, "model": "events.eventinstance", "fields": {"end": "2011-07-03 20:00:00", "parent": 217, "created": "2010-12-04 23:24:07", "interval": null, "modified": "2010-12-04 23:24:07", "start": "2011-07-03 18:00:00", "limit": null, "location": null, "event": 5}}, {"pk": 224, "model": "events.eventinstance", "fields": {"end": "2011-08-03 20:00:00", "parent": 217, "created": "2010-12-04 23:24:07", "interval": null, "modified": "2010-12-04 23:24:07", "start": "2011-08-03 18:00:00", "limit": null, "location": null, "event": 5}}, {"pk": 225, "model": "events.eventinstance", "fields": {"end": "2011-09-03 20:00:00", "parent": 217, "created": "2010-12-04 23:24:07", "interval": null, "modified": "2010-12-04 23:24:07", "start": "2011-09-03 18:00:00", "limit": null, "location": null, "event": 5}}, {"pk": 226, "model": "events.eventinstance", "fields": {"end": "2011-10-03 20:00:00", "parent": 217, "created": "2010-12-04 23:24:07", "interval": null, "modified": "2010-12-04 23:24:07", "start": "2011-10-03 18:00:00", "limit": null, "location": null, "event": 5}}, {"pk": 227, "model": "events.eventinstance", "fields": {"end": "2011-11-03 20:00:00", "parent": 217, "created": "2010-12-04 23:24:07", "interval": null, "modified": "2010-12-04 23:24:07", "start": "2011-11-03 18:00:00", "limit": null, "location": null, "event": 5}}, {"pk": 228, "model": "events.eventinstance", "fields": {"end": "2011-12-03 20:00:00", "parent": 217, "created": "2010-12-04 23:24:07", "interval": null, "modified": "2010-12-04 23:24:07", "start": "2011-12-03 18:00:00", "limit": null, "location": null, "event": 5}}, {"pk": 229, "model": "events.eventinstance", "fields": {"end": "2011-01-03 20:00:00", "parent": 217, "created": "2010-12-04 23:24:07", "interval": null, "modified": "2010-12-04 23:24:07", "start": "2011-01-03 18:00:00", "limit": null, "location": null, "event": 5}}, {"pk": 230, "model": "events.eventinstance", "fields": {"end": "2011-02-03 20:00:00", "parent": 217, "created": "2010-12-04 23:24:07", "interval": null, "modified": "2010-12-04 23:24:07", "start": "2011-02-03 18:00:00", "limit": null, "location": null, "event": 5}}, {"pk": 231, "model": "events.eventinstance", "fields": {"end": "2011-03-03 20:00:00", "parent": 217, "created": "2010-12-04 23:24:07", "interval": null, "modified": "2010-12-04 23:24:07", "start": "2011-03-03 18:00:00", "limit": null, "location": null, "event": 5}}, {"pk": 232, "model": "events.eventinstance", "fields": {"end": "2011-04-03 20:00:00", "parent": 217, "created": "2010-12-04 23:24:07", "interval": null, "modified": "2010-12-04 23:24:07", "start": "2011-04-03 18:00:00", "limit": null, "location": null, "event": 5}}, {"pk": 233, "model": "events.eventinstance", "fields": {"end": "2011-05-03 20:00:00", "parent": 217, "created": "2010-12-04 23:24:07", "interval": null, "modified": "2010-12-04 23:24:07", "start": "2011-05-03 18:00:00", "limit": null, "location": null, "event": 5}}, {"pk": 234, "model": "events.eventinstance", "fields": {"end": "2011-06-03 20:00:00", "parent": 217, "created": "2010-12-04 23:24:07", "interval": null, "modified": "2010-12-04 23:24:07", "start": "2011-06-03 18:00:00", "limit": null, "location": null, "event": 5}}, {"pk": 235, "model": "events.eventinstance", "fields": {"end": "2011-07-03 20:00:00", "parent": 217, "created": "2010-12-04 23:24:07", "interval": null, "modified": "2010-12-04 23:24:07", "start": "2011-07-03 18:00:00", "limit": null, "location": null, "event": 5}}, {"pk": 236, "model": "events.eventinstance", "fields": {"end": "2011-08-03 20:00:00", "parent": 217, "created": "2010-12-04 23:24:07", "interval": null, "modified": "2010-12-04 23:24:07", "start": "2011-08-03 18:00:00", "limit": null, "location": null, "event": 5}}, {"pk": 237, "model": "events.eventinstance", "fields": {"end": "2011-09-03 20:00:00", "parent": 217, "created": "2010-12-04 23:24:07", "interval": null, "modified": "2010-12-04 23:24:07", "start": "2011-09-03 18:00:00", "limit": null, "location": null, "event": 5}}, {"pk": 238, "model": "events.eventinstance", "fields": {"end": "2011-10-03 20:00:00", "parent": 217, "created": "2010-12-04 23:24:07", "interval": null, "modified": "2010-12-04 23:24:07", "start": "2011-10-03 18:00:00", "limit": null, "location": null, "event": 5}}, {"pk": 239, "model": "events.eventinstance", "fields": {"end": "2011-11-03 20:00:00", "parent": 217, "created": "2010-12-04 23:24:07", "interval": null, "modified": "2010-12-04 23:24:07", "start": "2011-11-03 18:00:00", "limit": null, "location": null, "event": 5}}, {"pk": 240, "model": "events.eventinstance", "fields": {"end": "2011-12-03 20:00:00", "parent": 217, "created": "2010-12-04 23:24:07", "interval": null, "modified": "2010-12-04 23:24:07", "start": "2011-12-03 18:00:00", "limit": null, "location": null, "event": 5}}, {"pk": 241, "model": "events.eventinstance", "fields": {"end": "2011-01-03 20:00:00", "parent": 217, "created": "2010-12-04 23:24:07", "interval": null, "modified": "2010-12-04 23:24:07", "start": "2011-01-03 18:00:00", "limit": null, "location": null, "event": 5}}, {"pk": 242, "model": "events.eventinstance", "fields": {"end": "2011-01-04 15:30:00", "parent": 2, "created": "2010-12-05 12:53:57", "interval": null, "modified": "2010-12-05 12:53:57", "start": "2011-01-04 12:30:00", "limit": null, "location": 2, "event": 2}}, {"pk": 1, "model": "events.location", "fields": {"description": "The grand facility located in the heart of UCF's new north section of campus is still the nation's newest college football venue, Bright House Networks Stadium. Home for the UCF Knights football program, Bright House Networks Stadium sprawls over 25 acres, seats 45,301 and serves as the crown jewel of the schools' burgeoning Athletics Village.", "coordinates": "28.608523999999999, -81.192397999999997", "modified": "2010-12-05 12:47:18", "name": "Bright House Networks Stadium", "created": "2010-12-05 12:47:18"}}, {"pk": 2, "model": "events.location", "fields": {"description": null, "coordinates": "30.440562, -84.303482000000002", "modified": "2010-12-05 12:53:50", "name": "Howser Baseball Stadium", "created": "2010-12-05 12:53:18"}}, {"pk": 1, "model": "events.calendar", "fields": {"name": "Athletics", "creator": 2, "created": "2010-12-04 22:51:07", "editors": [], "subscriptions": [2], "modified": "2010-12-04 22:51:08", "slug": "athletics"}}, {"pk": 2, "model": "events.calendar", "fields": {"name": "Concerning Robots", "creator": 3, "created": "2010-12-04 23:12:54", "editors": [], "subscriptions": [], "modified": "2010-12-04 23:12:54", "slug": "concerning-robots"}}, {"pk": 1, "model": "auth.permission", "fields": {"codename": "add_logentry", "name": "Can add log entry", "content_type": 1}}, {"pk": 2, "model": "auth.permission", "fields": {"codename": "change_logentry", "name": "Can change log entry", "content_type": 1}}, {"pk": 3, "model": "auth.permission", "fields": {"codename": "delete_logentry", "name": "Can delete log entry", "content_type": 1}}, {"pk": 7, "model": "auth.permission", "fields": {"codename": "add_group", "name": "Can add group", "content_type": 3}}, {"pk": 8, "model": "auth.permission", "fields": {"codename": "change_group", "name": "Can change group", "content_type": 3}}, {"pk": 9, "model": "auth.permission", "fields": {"codename": "delete_group", "name": "Can delete group", "content_type": 3}}, {"pk": 13, "model": "auth.permission", "fields": {"codename": "add_message", "name": "Can add message", "content_type": 5}}, {"pk": 14, "model": "auth.permission", "fields": {"codename": "change_message", "name": "Can change message", "content_type": 5}}, {"pk": 15, "model": "auth.permission", "fields": {"codename": "delete_message", "name": "Can delete message", "content_type": 5}}, {"pk": 4, "model": "auth.permission", "fields": {"codename": "add_permission", "name": "Can add permission", "content_type": 2}}, {"pk": 5, "model": "auth.permission", "fields": {"codename": "change_permission", "name": "Can change permission", "content_type": 2}}, {"pk": 6, "model": "auth.permission", "fields": {"codename": "delete_permission", "name": "Can delete permission", "content_type": 2}}, {"pk": 10, "model": "auth.permission", "fields": {"codename": "add_user", "name": "Can add user", "content_type": 4}}, {"pk": 11, "model": "auth.permission", "fields": {"codename": "change_user", "name": "Can change user", "content_type": 4}}, {"pk": 12, "model": "auth.permission", "fields": {"codename": "delete_user", "name": "Can delete user", "content_type": 4}}, {"pk": 16, "model": "auth.permission", "fields": {"codename": "add_contenttype", "name": "Can add content type", "content_type": 6}}, {"pk": 17, "model": "auth.permission", "fields": {"codename": "change_contenttype", "name": "Can change content type", "content_type": 6}}, {"pk": 18, "model": "auth.permission", "fields": {"codename": "delete_contenttype", "name": "Can delete content type", "content_type": 6}}, {"pk": 40, "model": "auth.permission", "fields": {"codename": "add_calendar", "name": "Can add calendar", "content_type": 14}}, {"pk": 41, "model": "auth.permission", "fields": {"codename": "change_calendar", "name": "Can change calendar", "content_type": 14}}, {"pk": 42, "model": "auth.permission", "fields": {"codename": "delete_calendar", "name": "Can delete calendar", "content_type": 14}}, {"pk": 31, "model": "auth.permission", "fields": {"codename": "add_event", "name": "Can add event", "content_type": 11}}, {"pk": 32, "model": "auth.permission", "fields": {"codename": "change_event", "name": "Can change event", "content_type": 11}}, {"pk": 33, "model": "auth.permission", "fields": {"codename": "delete_event", "name": "Can delete event", "content_type": 11}}, {"pk": 34, "model": "auth.permission", "fields": {"codename": "add_eventinstance", "name": "Can add event instance", "content_type": 12}}, {"pk": 35, "model": "auth.permission", "fields": {"codename": "change_eventinstance", "name": "Can change event instance", "content_type": 12}}, {"pk": 36, "model": "auth.permission", "fields": {"codename": "delete_eventinstance", "name": "Can delete event instance", "content_type": 12}}, {"pk": 37, "model": "auth.permission", "fields": {"codename": "add_location", "name": "Can add location", "content_type": 13}}, {"pk": 38, "model": "auth.permission", "fields": {"codename": "change_location", "name": "Can change location", "content_type": 13}}, {"pk": 39, "model": "auth.permission", "fields": {"codename": "delete_location", "name": "Can delete location", "content_type": 13}}, {"pk": 25, "model": "auth.permission", "fields": {"codename": "add_profile", "name": "Can add profile", "content_type": 9}}, {"pk": 26, "model": "auth.permission", "fields": {"codename": "change_profile", "name": "Can change profile", "content_type": 9}}, {"pk": 27, "model": "auth.permission", "fields": {"codename": "delete_profile", "name": "Can delete profile", "content_type": 9}}, {"pk": 28, "model": "auth.permission", "fields": {"codename": "add_user", "name": "Can add user", "content_type": 10}}, {"pk": 29, "model": "auth.permission", "fields": {"codename": "change_user", "name": "Can change user", "content_type": 10}}, {"pk": 30, "model": "auth.permission", "fields": {"codename": "delete_user", "name": "Can delete user", "content_type": 10}}, {"pk": 19, "model": "auth.permission", "fields": {"codename": "add_session", "name": "Can add session", "content_type": 7}}, {"pk": 20, "model": "auth.permission", "fields": {"codename": "change_session", "name": "Can change session", "content_type": 7}}, {"pk": 21, "model": "auth.permission", "fields": {"codename": "delete_session", "name": "Can delete session", "content_type": 7}}, {"pk": 22, "model": "auth.permission", "fields": {"codename": "add_site", "name": "Can add site", "content_type": 8}}, {"pk": 23, "model": "auth.permission", "fields": {"codename": "change_site", "name": "Can change site", "content_type": 8}}, {"pk": 24, "model": "auth.permission", "fields": {"codename": "delete_site", "name": "Can delete site", "content_type": 8}}, {"pk": 1, "model": "auth.user", "fields": {"username": "admin", "first_name": "", "last_name": "", "is_active": true, "is_superuser": true, "is_staff": true, "last_login": "2010-12-04 22:49:28", "groups": [], "user_permissions": [], "password": "sha1$44888$e590bc2d932f65c222d9c393177ed11336420231", "email": "admin@admin.com", "date_joined": "2010-12-04 22:49:28"}}, {"pk": 2, "model": "auth.user", "fields": {"username": "jared", "first_name": "Jared", "last_name": "Lang", "is_active": true, "is_superuser": false, "is_staff": false, "last_login": "2010-12-04 22:49:54", "groups": [], "user_permissions": [], "password": "sha1$67abd$293fdef9e7799b3be35987d8a505f7ac03413e50", "email": "", "date_joined": "2010-12-04 22:49:54"}}, {"pk": 3, "model": "auth.user", "fields": {"username": "robot", "first_name": "Robot", "last_name": "Roboson", "is_active": true, "is_superuser": false, "is_staff": false, "last_login": "2010-12-04 23:12:10", "groups": [], "user_permissions": [], "password": "", "email": "", "date_joined": "2010-12-04 23:12:10"}}, {"pk": 2, "model": "events.user", "fields": {"profile": null, "user_permissions": [], "groups": []}}, {"pk": 3, "model": "events.user", "fields": {"profile": null, "user_permissions": [], "groups": []}}]
